4943;"Thomas";"thomas@example.org"
4944;"Olaf";"olaf@example.org"
4945;"Claus Hunsen";"hunsen@fim.uni-passau.de"
4946;"udo";"udo@example.org"
4947;"Fritz fritz@example.org";"asd@sample.org"
4948;"georg";"heinz@example.org"
4949;"Hans";"hans1@example.org"
4950;"Karl";"karl@example.org"
4951;"Max";"max@example.org"
